name;image
÷ГИ÷╜ ÷ИК╕И║ Ц 240;1
═÷И╖О 11 И╒╘;2
═÷И╖О ╛Е÷Е Ц╛╘║ И╒╘;3
═÷И╖О Ц╛╘║ И╒╘ ЙИМК;4
═÷И╖О ГЙ÷Й║ Й╘М╔║ ╚╒║ И╒╘ /Ц 12;5
═÷И╖О ГЙ÷Й║ Й╘М╔║ Ц╛╘║ И╒╘;6
═÷И╖О Й╜═;7
═÷КОМ  АЕ÷И;8
═╘÷ЙОИ 30 И╒╘;9
═╘÷ЙОИ 50 И╒╘;10
═╘÷ЙОИ 70 И╒╘;11
═╘÷ЙОИ 90 И╒╘;12
═╘ЙОИ 120 И╒╘;13
═╘ЙОИ 30 ╛Е÷Е;14
═╘ЙОИ 40 И╒╘;15
═╘ЙОИ 60 И╒╘;16
═╘ЙОИ 80 И╒╘;17
═М÷И╖ 13 И╒╘;18
═М÷И╖ 18 ╛Е÷Е;19
═М÷И╖ 18 И╒╘;20
═М÷И╖ 2;21
═М÷И╖ 22 И╒╘;22
═М÷И╖ 2╛Е÷Е;23
═М÷И╖ 3  ╛Е÷Е Ц 54;24
═М÷И╖ 3;25
═М÷И╖ 5  ╛Е÷Е;26
═М÷И╖ 5  ;27
═М÷И╖ 7 ;28
═М÷И╖ 7 ╛Е÷Е;29
═М÷И╖ 9 ;30
═М÷И╖ 9 ╛Е÷Е;31
═М÷И╖ ╕ИА║;32
═ОИЙ Е╘÷╖║ Ц╓ОК;33
═╘╛ ╔Й÷Й Х╘МО;34
═╘╛ ╔Й÷Й ЙГМ╚ ;35
═╘╛ Х÷МО║;36
╓÷Х ÷И═╘Х║;37
╓÷Х ÷ИЕ÷;38
╓÷Х ÷ИМАКО║ Г╜О╘ 1.5 И╒╘;39
╓÷Х ÷ИМАКО║ Г╜О╘ 1.5 И╒╘;40
╓÷Х ÷ИМАКОЛ 2500 ЙИО ;41
╓÷Х ÷ИМАКОЛ 4  И╒╘;42
╓÷Х ╓÷Й═М;43
╓ЕК║;44
╘Е ╕Ю÷╘;45
╘Е ╕Ю÷╘ ╘═÷ЦО;46
╘Е ╕Ю÷╘ К╓МЙ;47
╘Е ╜÷═МК ═М╖╘║ ;48
╘Е ╜÷═МК Й╙╖М╓ ;49
╘Е ╜╔МК ÷ЕГО 1;50
╘Е ╜╔МК ÷ЕГО 2;51
╘Е ╜╔МК ÷ЕГО 3;52
╘Е ╜╔МК ЦЙМ╖О1;53
╘Е ╜╔МК ЦЙМ╖О2;54
╙÷МО║ ╔Й÷Й / Ц 10;55
╚╔÷═ ═И÷А ÷ИМАКО║;56
╚Ц÷Е║ ╚ГЕ / Ц 24;57
╚И║ ÷И╒÷╓ Ц 12;58
╚И║ ÷И╙Л╘║ Ц 36;59
╚И║ ÷ИД╚ОИ;60
╚И║ ÷ИМ÷╔║ / Ц 84;61
╚И║ ╒╚МГ ÷ИМАКО║;62
╚И║ ╘ДОЕ /Ц═М║ 72;63
╚И║ ╘ДОЕ ╘ГЙ 1 / Ц 72;64
╚И║ ╘ДОЕ ╘ГЙ 2 / Ц 120;65
╚И║ ╚ЙХ ╖ОИМХ╚ ЙХОК║ 10;66
╚И║ ╚К╖М╒╛;67
╚И║ ╛═Х Й╚╒АОИ / Ц 36;68
╚И║ Д╚ОИ К╓МЙ 2001;69
╚И║ ЕМ÷ХЛ / ╛═Х / Ц120;70
╚И║ ГЙ÷Й║ / Ц╛╘║ И╒╘/ Ц36;71
╚И║ ГЙ÷Й║ Ц╛╘║ И╒╘ ЕЮО Ц 36;72
╚И║ ГЙ÷Й║ ЙЦ ÷ИАМГ Ц 36;73
╚И║ ЙИ÷ЦГ ÷ИМАКО║ Ц 90;74
╚И║ ЙЛЙИ÷╒ ╚╒║ И╒╘ / Ц 36;75
╜╔Е 60;76
╜╔Е 90;77
╜╔К ÷ИМАКО║ 2888;78
╜╔К ÷ИМАКО║ 3788;79
╜╔К ╒Г╖ОЙ Й╖М╘ ЙЦ ÷ИЙГ═Ю Ц 36;80
╜╔К ГА╘ 20╚Й Ц 144;81
╜╔К Й╖М╘ Х═О╘ Ц 96;82
╜╔К Й╖М╘ М╚А;83
╜╔МК ╒Г╖ОЙ Ц 36;84
╜К╖МГ ЙХО÷╓ ═И÷╚╒ОХ Ц 24;85
А÷МИ║ Й╓÷И╚ ÷ИМАКО║ Ц 10;86
А╛╒ 100;87
А╛╒ 401;88
А╛╒ 402;89
А╛╒ 403;90
А╛╒ 404;91
А╛╒ 405;92
АГЙ ЙХК╚ ЙЦ ÷ИЙИЕ / Ц 30;93
АМГ ╚И║ ГЙ÷Й║;94
ЦИ═ 180 ЙИО Ц 108;95
ЦИ═ 350 ЙИО;96
ЦИ═ 350 ЙИО;97
ЦИ═ ÷╚АМ÷КО 215 ЙИО;98
ЦИ═ ═╕М╘ ÷ИЙЛИ /ЕЮО/ ÷И═ОЮ÷≤  / Ц 120;99
ЦИ═ ═╕М╘ ёЙ÷КО / ЕЮО Ц 300;100
ЦИ═ ═╕М╘ ёЙ÷КО ╛Е÷Е Ц 300;101
ЦИ═ ═╕М╘ ёЙ÷КО Ц 300;102
ЦИ═ ═╕М╘ ╚╖÷╚О ЕЮО Ц 300;103
ЦИ═ ═╕М╘ ╚ЦМ╖О / ЕЮО Ц 270;104
ЦИ═ ═╕М╘ ╚ЦМ╖О ═КО Ц 270;105
ЦИ═ ═╕М╘ ╚ЦМ╖О Ц 270;106
ЦИ═ ╔÷ЕБ  1005;107
ЦИ═ ╔÷ЕБ  ╘ГЙ 1001;108
ЦИ═ ╔÷ЕБ  ╘ГЙ 1002;109
ЦИ═ ╔÷ЕБ  ╘ГЙ 1003;110
ЦИ═ ╔÷ЕБ  ╘ГЙ 1004;111
ЦИ═ ╔÷ЕБ  ╘ГЙ 1008;112
ЦИ═ ╔÷ЕБ ╘ГЙ 1006;113
ЦИ═ ╛Е÷Е 1000 ЙИО ╖÷·╘О Ц/96;114
ЦИ═ ╛Е÷Е 1007;115
ЦИ═ ╛Е÷Е 1009;116
ЦИ═ ╛Е÷Е 500 ЙИО Ц 147╔;117
ЦИ═║ ╛Е÷Е 3 И╒╘ / Ц 36;118
ЦИ═║ ╛Е÷Е4 И╒╘ Ц 24;119
ЦИ═║ ╜÷═МК / Ц 72;120
ЦИ═║ ЙХ╚╘÷╒  ;121
ЦО÷╛÷╒ 13 Ц 24;122
ЦО÷╛÷╒ 18 Ц 18;123
ЦО÷╛÷╒ 22 ╛Е÷Е;124
ЦО÷╛÷╒ 30 Ц 18;125
ЦО÷╛÷╒ 50;126
ЦО÷╛÷╒ 9 Ц 36;127
ЦО÷╛║ 203 ╛Е÷Е Ц 18;128
ЦО÷╛║ 203 ЙИМК Ц 18;129
ЦО÷╛║ 204  ╛Е÷Е Ц 12;130
ЦО÷╛║ 204 ЙИМК Ц 12;131
ЦО÷╛║ 22 ЙИМК /Ц 12;132
Е╘÷╖║ Ц╓ОК ╜ДО╘ / Ц 10;133
Е╘÷╖║ Ц╓ОК ╜ДО╘ / ЕЮО Ц 10;134
Е╘÷╖║ Ц╓ОК Х═О╘ Ц 8;135
Е╘÷╖║ Ц╓ОК Х═О╘ ЕЮО / Ц 8;136
Г╜╘О÷╒ ÷АЕ÷И / Ц 36;137
ГЮО═ ╚╔÷═ ═И÷А;138
ГИ╜ ГЛМ║ / Ц 360;139
ГИ╜ ЙЦ ÷ИО╖;140
ГКОК║ 50 ЙИО Ц 240;141
Х╘÷╚О ╒╘÷Й╚ ╜ОКО Ц 24;142
Х╘╚О ÷И═╘К╚ / ÷═ОЮ / ═О╓;143
Х╘╚О ÷И═╘К╚ / ЙИМК;144
Х╘╚О ÷ИК╕И║ / ЙИМК;145
Х╘╚О ÷ИК╕И║ ÷═ОЮ / ═О╓;146
Х╘╚О ╒╘÷Й╚ / ÷ИГ╖╚ Ц 12;147
Х╘╚О ╒╘Й╚ ═ОЮ÷МО Ц 12;148
Х╘╚О ╒╘Й╚ ╕О╙╘÷К Ц 24;149
Х╘╚О ╒╘Й╚ Й╘═Ц ╘ГЙ 1 / Ц 24;150
Х╘╚О ╒╘Й╚ Й╘═Ц ╘ГЙ 2 / Ц24;151
Х╘╚О ╒╚╘О╔║;152
Х╘╚О ЙЦ ÷ИО╖ / ЙИМК;153
Х╘╚О ЙЦ ÷ИО╖ ÷═ОЮ;154
Х╘╚О ЙЦ ÷ИО╖ ═О╓;155
Й╕÷═А ╗═÷═;156
Й╖Г ЛМК Ц 24;157
Й╘÷О÷ ГИ═  22*24.5 / Ц18;158
Й╘÷О÷ Й╘═Ц 26.5*33 / Ц12;159
Й╘÷О÷ Й╘═Ц ЙГ÷╚ 27*26 ╚Й Ц 12;160
Й╛К ÷╘╙ / Ц 36;161
Й╛К ╔МЮ ЙА═╕ ÷ИМАКО║  / Ц24╔;162
Й╜═ ╙О╒ ЙМ╖И 105;163
Й╜═ ГА╘ 15 ╚Й Ц═М║ 288 ╔;164
Й╜═ ГА╘ 20 ╚Й;165
ЙА÷О═ 5;166
ЙА÷О═ 7;167
ЙА÷О═ ÷И═╘Х║;168
ЙА÷О═ Ц╖К Ц 144;169
ЙА÷О═ КМ╘║ Ц 360;170
ЙЦ÷╓К ÷ИГ╖╚;171
ЙЦ÷╓К ÷ИЙ╖ОК║ -3 / Ц 36;172
ЙЦ÷╓К ЙХ║ 1 / Ц 36;173
ЙЦ÷╓К ЙХ║ 2 / Ц 36;174
ЙЦ÷╓К ЙХ║ 3 / Ц 18;175
ЙЦ÷╓К ЙХ║ 4 / Ц 18;176
ЙЦ÷╓К ЙМ╖И 101 / Ц36;177
ЙЦ÷╓К ЙМ╖И 102 / Ц36;178
ЙЦ÷╓К ЙМ╖И 103 / Ц48;179
ЙЦ÷╓К ЙМ╖И 104 / Ц48;180
ЙЦ÷╓К ЙМ╖И 105 / Ц 36;181
ЙЦ÷ИГ ёО÷═  ╕Й÷╚О ЙИМК / Ц 84;182
ЙЦ÷ИГ ёО÷═ ÷АЕ÷И;183
ЙЦ÷ИГ Е╚÷╒ОК Ц 300;184
ЙД÷╘Е ÷И═╘К╚ Ц 120;185
ЙД÷╘Е ёЙ÷КО;186
ЙД÷╘Е ╜ДО╘ Ц÷╖О Ц 120;187
ЙД÷╘Е ГИ═ Ц 120;188
ЙХК╚ ╚М╘О (Ц╖К);189
ЙХК╚║ ÷И═╘К╚ / Ц 24;190
ЙХК╚║ ÷И╒÷╓  / Ц 24;191
ЙХК╚║ ╘ГЙ 3 / Ц 24;192
ЙИ÷ЦГ ═Л÷╘÷╒;193
ЙИЕ ХК╚ 101 Ц 48;194
ЙИЕ ХК╚ ГИ═;195
ЙИЕ ХК╚ ЙЦ ÷ИЦ╜÷;196
ЙИЕ ХК╚ ЙМ╖ОИ 102 Ц 36;197
ЙИЕ ХК╚ ЙМ╖ОИ 102 Ц 36;198
ЙМ═ ÷ИМАКО║ Ц 24;199
;
;
;
;
;
;
;
;
;
;
;
;
;
;
;
;
;
;
;
;
;
;
;
;
;
;
;
;
;
;
;
;
;
;
;
;
;
;
;
;
;
;
;
;
;
;
;
;
;
;
;
;
;
;
;
;
;
;
;
;
;
;
;
;
;
;
;
;
;
;
;
;
;
;
;
;
;
;
;
;
;
;
;
;
;
;
;
;
