name,image
أدراج الوطنية كبير - خماسي,01.jpg
أدراج الوطنية كبير - رباعي,02.jpg
أدراج الوطنية كبير - ثلاثي,03.jpg
أدراج الوطنية صغير - خماسي,04.jpg
أدراج الوطنية صغير - رباعي,05.jpg
أدراج الوطنية صغير - ثلاثي,06.jpg
أدراج مكتبية ملونة - خماسي,07.jpg
أدراج مكتبية ملونة - رباعي,08.jpg
أدراج مكتبية ملونة - ثلاثي,09.jpg
أدراج مكتبية شفاف,10.jpg
رف الصحون - خماسي كبير 2025,11.jpg
رف الصحون - خماسي ,12.jpg
رف الصحون - رباعي,13.jpg
رف الصحون - ثلاثي,14.jpg
رف الصحون - ثنائي,15.jpg
رف خضار نجوم الوطنية - خماسي,16.jpg
رف خضار نجوم الوطنية -رباعي,17.jpg
رف خضار نجوم الوطنية - ثلاثي,18.jpg
رف الخضار المستطيل - خماسي,19.jpg
رف الخضار المستطيل - رباعي,20.jpg
رف الخضار المستطيل - ثلاثي ,21.jpg
رف خضار بيضاوي - رباعي,22.jpg
رف خضار بيضاوي - ثلاثي,23.jpg
صندوق رحلات 4.5 لتر,24.jpg
صندوق رحلات 8.5 لتر,25.jpg
صندوق رحلات 16 لتر,26.jpg
صندوق رحلات 30 لتر,27.jpg
صندوق رحلات 50 لتر,28.jpg
برميل سعة 120 لتر,29.jpg
برميل سعة 90 لتر,30.jpg
برميل سعة 70 لتر,31.jpg
برميل سعة 50 لتر,32.jpg
برميل سعة 30 لتر,33.jpg
برميل سعة 22 لتر,34.jpg
برميل عدن سعة 70 لتر,35.jpg
برميل عدن سعة 60 لتر,36.jpg
برميل عدن سعة 50 لتر,37.jpg
برميل عدن سعة 45 لتر,38.jpg
برميل سعة 80 لتر,39.jpg
برميل سعة 60 لتر,40.jpg
برميل سعة 40 لتر,41.jpg
برميل سعة 30 لتر شفاف,42.jpg
برميل سعة 20 لتر,43.jpg
برميل قمامة مروحة 60 لتر,44.jpg
برميل قمامة دعسة 30 لتر,45.jpg
برميل قمامة دعسة  13 لتر,46.jpg
بالدي سعة 50 لتر / شفاف,47.jpg
بالدي سعة 30 لتر / شفاف,48.jpg
بالدي سعة 22 لتر / شفاف,49.jpg
بالدي سعة 11 لتر / شفاف,50.jpg
بالدي سعة 5 لتر / شفاف,51.jpg
بالدي سعة 3 لتر / شفاف,52.jpg
بالدي سعة 2 لتر / شفاف,53.jpg
بالدي سعة 18 لتر,54.jpg
بالدي سعة 13 لتر ,55.jpg
بالدي مصب سعة 12 لتر,56.jpg
بالدي سعة 11 لتر ,57.jpg
بالدي سعة 9 لتر ,58.jpg
بالدي سعة 7 لتر ,59.jpg
بالدي سعة 5 لتر ,60.jpg
بالدي سعة 3 لتر ,61.jpg
بالدي سعة 2 لتر ,62.jpg
كرسي مع اليد / أبيض,63.jpg
كرسي مع اليد / بيج,64.jpg
كرسي مع اليد / ملون,65.jpg
كرسي البرنس / أبيض,66.jpg
كرسي البرنس / بيج,67.jpg
كرسي البرنس / ملون,68.jpg
كرسي ملكي / أبيض,69.jpg
كرسي ملكي / بيج,70.jpg
كرسي ملكي / ملون,71.jpg
كرسي أرجل معدنية,72.jpg
,73.jpg
,74.jpg
,75.jpg
,76.jpg
,77.jpg
,78.jpg
,79.jpg
,80.jpg
,81.jpg
,82.jpg
,83.jpg
,84.jpg
,85.jpg
,86.jpg
,87.jpg
,88.jpg
,89.jpg
,90.jpg
,91.jpg
,92.jpg
,93.jpg
,94.jpg
,95.jpg
,96.jpg
,97.jpg
,98.jpg
,99.jpg
,100.jpg
,101.jpg
,102.jpg
,103.jpg
,104.jpg
,105.jpg
,106.jpg
,107.jpg
,108.jpg
,109.jpg
,110.jpg
,111.jpg
,112.jpg
,113.jpg
,114.jpg
,115.jpg
,116.jpg
,117.jpg
,118.jpg
,119.jpg
,120.jpg
,121.jpg
,122.jpg
,123.jpg
,124.jpg
,125.jpg
,126.jpg
,127.jpg
,128.jpg
,129.jpg
,130.jpg
,131.jpg
,132.jpg
,133.jpg
,134.jpg
,135.jpg
,136.jpg
,137.jpg
,138.jpg
,139.jpg
,140.jpg
,141.jpg
,142.jpg
,143.jpg
,144.jpg
,145.jpg
,146.jpg
,147.jpg
,148.jpg
,149.jpg
,150.jpg
,151.jpg
,152.jpg
,153.jpg
,154.jpg
,155.jpg
,156.jpg
,157.jpg
,158.jpg
,159.jpg
,160.jpg
,161.jpg
,162.jpg
,163.jpg
,164.jpg
,165.jpg
,166.jpg
,167.jpg
,168.jpg
,169.jpg
,170.jpg
,171.jpg
,172.jpg
,173.jpg
,174.jpg
,175.jpg
,176.jpg
,177.jpg
,178.jpg
,179.jpg
,180.jpg
,181.jpg
,182.jpg
,183.jpg
,184.jpg
,185.jpg
,186.jpg
,187.jpg
,188.jpg
,189.jpg
,190.jpg
,191.jpg
,192.jpg
,193.jpg
,194.jpg
,195.jpg
,196.jpg
,197.jpg
,198.jpg
,199.jpg
,200.jpg
,201.jpg
,202.jpg
,203.jpg
,204.jpg
,205.jpg
,206.jpg
,207.jpg
,208.jpg
,209.jpg
,210.jpg
,211.jpg
,212.jpg
,213.jpg
,214.jpg
,215.jpg
,216.jpg
,217.jpg
,218.jpg
,219.jpg